schema_version,campaign_id,case_order,case_id,series_id,point_order,x_name,x_value,x_unit,y_name,y_value,y_unit,eligible,applicable,reason,annotation
1.0.0,p1_dimer_confirmatory_r2,1,p1_dimer_ka005_fluid_f000_f1010_d0210_t000,ka=0.050000000000000003;material=fluid_f000_f1010,1,distance_ratio,2.1000000000000001,1,epsilon_a_e,0.034875873212359881,1,true,true,scientific_relative_metric_not_a_gate,eligible_primary_only
1.0.0,p1_dimer_confirmatory_r2,2,p1_dimer_ka005_fluid_f000_f1010_d0225_t000,ka=0.050000000000000003;material=fluid_f000_f1010,2,distance_ratio,2.25,1,epsilon_a_e,0.023746155709679247,1,true,true,scientific_relative_metric_not_a_gate,eligible_primary_only
1.0.0,p1_dimer_confirmatory_r2,3,p1_dimer_ka005_fluid_f000_f1010_d0250_t000,ka=0.050000000000000003;material=fluid_f000_f1010,3,distance_ratio,2.5,1,epsilon_a_e,0.013777842318168469,1,true,true,scientific_relative_metric_not_a_gate,eligible_primary_only
1.0.0,p1_dimer_confirmatory_r2,4,p1_dimer_ka005_fluid_f000_f1010_d0300_t000,ka=0.050000000000000003;material=fluid_f000_f1010,4,distance_ratio,3,1,epsilon_a_e,0.0057233606444230568,1,true,true,scientific_relative_metric_not_a_gate,eligible_primary_only
1.0.0,p1_dimer_confirmatory_r2,5,p1_dimer_ka005_fluid_f000_f1010_d0400_t000,ka=0.050000000000000003;material=fluid_f000_f1010,5,distance_ratio,4,1,epsilon_a_e,0.0013265836985673952,1,true,true,scientific_relative_metric_not_a_gate,eligible_primary_only
1.0.0,p1_dimer_confirmatory_r2,6,p1_dimer_ka005_fluid_f000_f1010_d0600_t000,ka=0.050000000000000003;material=fluid_f000_f1010,6,distance_ratio,6,1,epsilon_a_e,0.00031928377401057825,1,true,true,scientific_relative_metric_not_a_gate,eligible_primary_only
1.0.0,p1_dimer_confirmatory_r2,7,p1_dimer_ka005_fluid_f000_f1010_d0800_t000,ka=0.050000000000000003;material=fluid_f000_f1010,7,distance_ratio,8,1,epsilon_a_e,0.0006577156180651878,1,true,true,scientific_relative_metric_not_a_gate,eligible_primary_only
1.0.0,p1_dimer_confirmatory_r2,8,p1_dimer_ka005_fluid_f000_f1010_d1000_t000,ka=0.050000000000000003;material=fluid_f000_f1010,8,distance_ratio,10,1,epsilon_a_e,0.00077301937292118114,1,true,true,scientific_relative_metric_not_a_gate,eligible_primary_only
1.0.0,p1_dimer_confirmatory_r2,9,p1_dimer_ka005_fluid_f000_f1040_d0210_t000,ka=0.050000000000000003;material=fluid_f000_f1040,9,distance_ratio,2.1000000000000001,1,epsilon_a_e,0.14554730529162471,1,true,true,scientific_relative_metric_not_a_gate,eligible_primary_only
1.0.0,p1_dimer_confirmatory_r2,10,p1_dimer_ka005_fluid_f000_f1040_d0225_t000,ka=0.050000000000000003;material=fluid_f000_f1040,10,distance_ratio,2.25,1,epsilon_a_e,0.098886675779102901,1,true,true,scientific_relative_metric_not_a_gate,eligible_primary_only
1.0.0,p1_dimer_confirmatory_r2,11,p1_dimer_ka005_fluid_f000_f1040_d0250_t000,ka=0.050000000000000003;material=fluid_f000_f1040,11,distance_ratio,2.5,1,epsilon_a_e,0.058280277647450453,1,true,true,scientific_relative_metric_not_a_gate,eligible_primary_only
1.0.0,p1_dimer_confirmatory_r2,12,p1_dimer_ka005_fluid_f000_f1040_d0300_t000,ka=0.050000000000000003;material=fluid_f000_f1040,12,distance_ratio,3,1,epsilon_a_e,0.025795373592824463,1,true,true,scientific_relative_metric_not_a_gate,eligible_primary_only
1.0.0,p1_dimer_confirmatory_r2,13,p1_dimer_ka005_fluid_f000_f1040_d0400_t000,ka=0.050000000000000003;material=fluid_f000_f1040,13,distance_ratio,4,1,epsilon_a_e,0.0081670329735310659,1,true,true,scientific_relative_metric_not_a_gate,eligible_primary_only
1.0.0,p1_dimer_confirmatory_r2,14,p1_dimer_ka005_fluid_f000_f1040_d0600_t000,ka=0.050000000000000003;material=fluid_f000_f1040,14,distance_ratio,6,1,epsilon_a_e,0.0016432471952311225,1,true,true,scientific_relative_metric_not_a_gate,eligible_primary_only
1.0.0,p1_dimer_confirmatory_r2,15,p1_dimer_ka005_fluid_f000_f1040_d0800_t000,ka=0.050000000000000003;material=fluid_f000_f1040,15,distance_ratio,8,1,epsilon_a_e,0.00032286839257113925,1,true,true,scientific_relative_metric_not_a_gate,eligible_primary_only
1.0.0,p1_dimer_confirmatory_r2,16,p1_dimer_ka005_fluid_f000_f1040_d1000_t000,ka=0.050000000000000003;material=fluid_f000_f1040,16,distance_ratio,10,1,epsilon_a_e,0.00012140919100499663,1,true,true,scientific_relative_metric_not_a_gate,eligible_primary_only
1.0.0,p1_dimer_confirmatory_r2,17,p1_dimer_ka005_fluid_f000_f1060_d0210_t000,ka=0.050000000000000003;material=fluid_f000_f1060,17,distance_ratio,2.1000000000000001,1,epsilon_a_e,0.22307811240770287,1,true,true,scientific_relative_metric_not_a_gate,eligible_primary_only
1.0.0,p1_dimer_confirmatory_r2,18,p1_dimer_ka005_fluid_f000_f1060_d0225_t000,ka=0.050000000000000003;material=fluid_f000_f1060,18,distance_ratio,2.25,1,epsilon_a_e,0.15040921043685532,1,true,true,scientific_relative_metric_not_a_gate,eligible_primary_only
1.0.0,p1_dimer_confirmatory_r2,19,p1_dimer_ka005_fluid_f000_f1060_d0250_t000,ka=0.050000000000000003;material=fluid_f000_f1060,19,distance_ratio,2.5,1,epsilon_a_e,0.088573501434263721,1,true,true,scientific_relative_metric_not_a_gate,eligible_primary_only
1.0.0,p1_dimer_confirmatory_r2,20,p1_dimer_ka005_fluid_f000_f1060_d0300_t000,ka=0.050000000000000003;material=fluid_f000_f1060,20,distance_ratio,3,1,epsilon_a_e,0.039410423177217623,1,true,true,scientific_relative_metric_not_a_gate,eligible_primary_only
1.0.0,p1_dimer_confirmatory_r2,21,p1_dimer_ka005_fluid_f000_f1060_d0400_t000,ka=0.050000000000000003;material=fluid_f000_f1060,21,distance_ratio,4,1,epsilon_a_e,0.01278105688146638,1,true,true,scientific_relative_metric_not_a_gate,eligible_primary_only
1.0.0,p1_dimer_confirmatory_r2,22,p1_dimer_ka005_fluid_f000_f1060_d0600_t000,ka=0.050000000000000003;material=fluid_f000_f1060,22,distance_ratio,6,1,epsilon_a_e,0.0029583806563181539,1,true,true,scientific_relative_metric_not_a_gate,eligible_primary_only
1.0.0,p1_dimer_confirmatory_r2,23,p1_dimer_ka005_fluid_f000_f1060_d0800_t000,ka=0.050000000000000003;material=fluid_f000_f1060,23,distance_ratio,8,1,epsilon_a_e,0.0009781942654220532,1,true,true,scientific_relative_metric_not_a_gate,eligible_primary_only
1.0.0,p1_dimer_confirmatory_r2,24,p1_dimer_ka005_fluid_f000_f1060_d1000_t000,ka=0.050000000000000003;material=fluid_f000_f1060,24,distance_ratio,10,1,epsilon_a_e,0.00031354655172090708,1,true,true,scientific_relative_metric_not_a_gate,eligible_primary_only
1.0.0,p1_dimer_confirmatory_r2,25,p1_dimer_ka005_fluid_f020_f1060_d0210_t000,ka=0.050000000000000003;material=fluid_f020_f1060,25,distance_ratio,2.1000000000000001,1,epsilon_a_e,0.22276796637187998,1,true,true,scientific_relative_metric_not_a_gate,eligible_primary_only
1.0.0,p1_dimer_confirmatory_r2,26,p1_dimer_ka005_fluid_f020_f1060_d0225_t000,ka=0.050000000000000003;material=fluid_f020_f1060,26,distance_ratio,2.25,1,epsilon_a_e,0.15007576543596865,1,true,true,scientific_relative_metric_not_a_gate,eligible_primary_only
1.0.0,p1_dimer_confirmatory_r2,27,p1_dimer_ka005_fluid_f020_f1060_d0250_t000,ka=0.050000000000000003;material=fluid_f020_f1060,27,distance_ratio,2.5,1,epsilon_a_e,0.088221207753371236,1,true,true,scientific_relative_metric_not_a_gate,eligible_primary_only
1.0.0,p1_dimer_confirmatory_r2,28,p1_dimer_ka005_fluid_f020_f1060_d0300_t000,ka=0.050000000000000003;material=fluid_f020_f1060,28,distance_ratio,3,1,epsilon_a_e,0.039044159733047021,1,true,true,scientific_relative_metric_not_a_gate,eligible_primary_only
1.0.0,p1_dimer_confirmatory_r2,29,p1_dimer_ka005_fluid_f020_f1060_d0400_t000,ka=0.050000000000000003;material=fluid_f020_f1060,29,distance_ratio,4,1,epsilon_a_e,0.012407938835564068,1,true,true,scientific_relative_metric_not_a_gate,eligible_primary_only
1.0.0,p1_dimer_confirmatory_r2,30,p1_dimer_ka005_fluid_f020_f1060_d0600_t000,ka=0.050000000000000003;material=fluid_f020_f1060,30,distance_ratio,6,1,epsilon_a_e,0.0025830090307546022,1,true,true,scientific_relative_metric_not_a_gate,eligible_primary_only
1.0.0,p1_dimer_confirmatory_r2,31,p1_dimer_ka005_fluid_f020_f1060_d0800_t000,ka=0.050000000000000003;material=fluid_f020_f1060,31,distance_ratio,8,1,epsilon_a_e,0.00060240588206199796,1,true,true,scientific_relative_metric_not_a_gate,eligible_primary_only
1.0.0,p1_dimer_confirmatory_r2,32,p1_dimer_ka005_fluid_f020_f1060_d1000_t000,ka=0.050000000000000003;material=fluid_f020_f1060,32,distance_ratio,10,1,epsilon_a_e,6.2376926345122924e-05,1,true,true,scientific_relative_metric_not_a_gate,eligible_primary_only
1.0.0,p1_dimer_confirmatory_r2,33,p1_dimer_ka005_fluid_f000_f1080_d0210_t000,ka=0.050000000000000003;material=fluid_f000_f1080,33,distance_ratio,2.1000000000000001,1,epsilon_a_e,0.30432632922523778,1,true,true,scientific_relative_metric_not_a_gate,eligible_primary_only
1.0.0,p1_dimer_confirmatory_r2,34,p1_dimer_ka005_fluid_f000_f1080_d0225_t000,ka=0.050000000000000003;material=fluid_f000_f1080,34,distance_ratio,2.25,1,epsilon_a_e,0.20323314842170592,1,true,true,scientific_relative_metric_not_a_gate,eligible_primary_only
1.0.0,p1_dimer_confirmatory_r2,35,p1_dimer_ka005_fluid_f000_f1080_d0250_t000,ka=0.050000000000000003;material=fluid_f000_f1080,35,distance_ratio,2.5,1,epsilon_a_e,0.11942652643604638,1,true,true,scientific_relative_metric_not_a_gate,eligible_primary_only
1.0.0,p1_dimer_confirmatory_r2,36,p1_dimer_ka005_fluid_f000_f1080_d0300_t000,ka=0.050000000000000003;material=fluid_f000_f1080,36,distance_ratio,3,1,epsilon_a_e,0.053232660823291506,1,true,true,scientific_relative_metric_not_a_gate,eligible_primary_only
1.0.0,p1_dimer_confirmatory_r2,37,p1_dimer_ka005_fluid_f000_f1080_d0400_t000,ka=0.050000000000000003;material=fluid_f000_f1080,37,distance_ratio,4,1,epsilon_a_e,0.017442413497928966,1,true,true,scientific_relative_metric_not_a_gate,eligible_primary_only
1.0.0,p1_dimer_confirmatory_r2,38,p1_dimer_ka005_fluid_f000_f1080_d0600_t000,ka=0.050000000000000003;material=fluid_f000_f1080,38,distance_ratio,6,1,epsilon_a_e,0.0042796326275784382,1,true,true,scientific_relative_metric_not_a_gate,eligible_primary_only
1.0.0,p1_dimer_confirmatory_r2,39,p1_dimer_ka005_fluid_f000_f1080_d0800_t000,ka=0.050000000000000003;material=fluid_f000_f1080,39,distance_ratio,8,1,epsilon_a_e,0.0016351233836033551,1,true,true,scientific_relative_metric_not_a_gate,eligible_primary_only
1.0.0,p1_dimer_confirmatory_r2,40,p1_dimer_ka005_fluid_f000_f1080_d1000_t000,ka=0.050000000000000003;material=fluid_f000_f1080,40,distance_ratio,10,1,epsilon_a_e,0.00074918725005257197,1,true,true,scientific_relative_metric_not_a_gate,eligible_primary_only
1.0.0,p1_dimer_confirmatory_r2,42,p1_dimer_ka005_rigid_boundary_d0225_t000,ka=0.050000000000000003;material=rigid_boundary,42,distance_ratio,2.25,1,epsilon_a_e,0.25630619316073167,1,true,true,scientific_relative_metric_not_a_gate,eligible_primary_only
1.0.0,p1_dimer_confirmatory_r2,43,p1_dimer_ka005_rigid_boundary_d0250_t000,ka=0.050000000000000003;material=rigid_boundary,43,distance_ratio,2.5,1,epsilon_a_e,0.14955705310444278,1,true,true,scientific_relative_metric_not_a_gate,eligible_primary_only
1.0.0,p1_dimer_confirmatory_r2,44,p1_dimer_ka005_rigid_boundary_d0300_t000,ka=0.050000000000000003;material=rigid_boundary,44,distance_ratio,3,1,epsilon_a_e,0.065844486250422329,1,true,true,scientific_relative_metric_not_a_gate,eligible_primary_only
1.0.0,p1_dimer_confirmatory_r2,45,p1_dimer_ka005_rigid_boundary_d0400_t000,ka=0.050000000000000003;material=rigid_boundary,45,distance_ratio,4,1,epsilon_a_e,0.020671348495306569,1,true,true,scientific_relative_metric_not_a_gate,eligible_primary_only
1.0.0,p1_dimer_confirmatory_r2,46,p1_dimer_ka005_rigid_boundary_d0600_t000,ka=0.050000000000000003;material=rigid_boundary,46,distance_ratio,6,1,epsilon_a_e,0.0041085360611245987,1,true,true,scientific_relative_metric_not_a_gate,eligible_primary_only
1.0.0,p1_dimer_confirmatory_r2,47,p1_dimer_ka005_rigid_boundary_d0800_t000,ka=0.050000000000000003;material=rigid_boundary,47,distance_ratio,8,1,epsilon_a_e,0.00079205008960280389,1,true,true,scientific_relative_metric_not_a_gate,eligible_primary_only
1.0.0,p1_dimer_confirmatory_r2,48,p1_dimer_ka005_rigid_boundary_d1000_t000,ka=0.050000000000000003;material=rigid_boundary,48,distance_ratio,10,1,epsilon_a_e,0.00031706026376925338,1,true,true,scientific_relative_metric_not_a_gate,eligible_primary_only
1.0.0,p1_dimer_confirmatory_r2,49,p1_dimer_ka010_fluid_f000_f1010_d0210_t000,ka=0.10000000000000001;material=fluid_f000_f1010,49,distance_ratio,2.1000000000000001,1,epsilon_a_e,0.033145868584280237,1,true,true,scientific_relative_metric_not_a_gate,eligible_primary_only
1.0.0,p1_dimer_confirmatory_r2,50,p1_dimer_ka010_fluid_f000_f1010_d0225_t000,ka=0.10000000000000001;material=fluid_f000_f1010,50,distance_ratio,2.25,1,epsilon_a_e,0.021892983734392555,1,true,true,scientific_relative_metric_not_a_gate,eligible_primary_only
1.0.0,p1_dimer_confirmatory_r2,51,p1_dimer_ka010_fluid_f000_f1010_d0250_t000,ka=0.10000000000000001;material=fluid_f000_f1010,51,distance_ratio,2.5,1,epsilon_a_e,0.01176995224898173,1,true,true,scientific_relative_metric_not_a_gate,eligible_primary_only
1.0.0,p1_dimer_confirmatory_r2,52,p1_dimer_ka010_fluid_f000_f1010_d0300_t000,ka=0.10000000000000001;material=fluid_f000_f1010,52,distance_ratio,3,1,epsilon_a_e,0.0035153308521336914,1,true,true,scientific_relative_metric_not_a_gate,eligible_primary_only
1.0.0,p1_dimer_confirmatory_r2,53,p1_dimer_ka010_fluid_f000_f1010_d0400_t000,ka=0.10000000000000001;material=fluid_f000_f1010,53,distance_ratio,4,1,epsilon_a_e,0.0010835600811971594,1,true,true,scientific_relative_metric_not_a_gate,eligible_primary_only
1.0.0,p1_dimer_confirmatory_r2,54,p1_dimer_ka010_fluid_f000_f1010_d0600_t000,ka=0.10000000000000001;material=fluid_f000_f1010,54,distance_ratio,6,1,epsilon_a_e,0.0028819333333019019,1,true,true,scientific_relative_metric_not_a_gate,eligible_primary_only
1.0.0,p1_dimer_confirmatory_r2,55,p1_dimer_ka010_fluid_f000_f1010_d0800_t000,ka=0.10000000000000001;material=fluid_f000_f1010,55,distance_ratio,8,1,epsilon_a_e,0.0032793089137658528,1,true,true,scientific_relative_metric_not_a_gate,eligible_primary_only
1.0.0,p1_dimer_confirmatory_r2,56,p1_dimer_ka010_fluid_f000_f1010_d1000_t000,ka=0.10000000000000001;material=fluid_f000_f1010,56,distance_ratio,10,1,epsilon_a_e,0.0034249378562649846,1,true,true,scientific_relative_metric_not_a_gate,eligible_primary_only
1.0.0,p1_dimer_confirmatory_r2,57,p1_dimer_ka010_fluid_f000_f1040_d0210_t000,ka=0.10000000000000001;material=fluid_f000_f1040,57,distance_ratio,2.1000000000000001,1,epsilon_a_e,0.14531280364863911,1,true,true,scientific_relative_metric_not_a_gate,eligible_primary_only
1.0.0,p1_dimer_confirmatory_r2,58,p1_dimer_ka010_fluid_f000_f1040_d0225_t000,ka=0.10000000000000001;material=fluid_f000_f1040,58,distance_ratio,2.25,1,epsilon_a_e,0.09849508133930672,1,true,true,scientific_relative_metric_not_a_gate,eligible_primary_only
1.0.0,p1_dimer_confirmatory_r2,59,p1_dimer_ka010_fluid_f000_f1040_d0250_t000,ka=0.10000000000000001;material=fluid_f000_f1040,59,distance_ratio,2.5,1,epsilon_a_e,0.057678194719613531,1,true,true,scientific_relative_metric_not_a_gate,eligible_primary_only
1.0.0,p1_dimer_confirmatory_r2,60,p1_dimer_ka010_fluid_f000_f1040_d0300_t000,ka=0.10000000000000001;material=fluid_f000_f1040,60,distance_ratio,3,1,epsilon_a_e,0.024899516731976518,1,true,true,scientific_relative_metric_not_a_gate,eligible_primary_only
1.0.0,p1_dimer_confirmatory_r2,61,p1_dimer_ka010_fluid_f000_f1040_d0400_t000,ka=0.10000000000000001;material=fluid_f000_f1040,61,distance_ratio,4,1,epsilon_a_e,0.0069492197563727365,1,true,true,scientific_relative_metric_not_a_gate,eligible_primary_only
1.0.0,p1_dimer_confirmatory_r2,62,p1_dimer_ka010_fluid_f000_f1040_d0600_t000,ka=0.10000000000000001;material=fluid_f000_f1040,62,distance_ratio,6,1,epsilon_a_e,0.00015681949064627368,1,true,true,scientific_relative_metric_not_a_gate,eligible_primary_only
1.0.0,p1_dimer_confirmatory_r2,63,p1_dimer_ka010_fluid_f000_f1040_d0800_t000,ka=0.10000000000000001;material=fluid_f000_f1040,63,distance_ratio,8,1,epsilon_a_e,0.001280451253206696,1,true,true,scientific_relative_metric_not_a_gate,eligible_primary_only
1.0.0,p1_dimer_confirmatory_r2,64,p1_dimer_ka010_fluid_f000_f1040_d1000_t000,ka=0.10000000000000001;material=fluid_f000_f1040,64,distance_ratio,10,1,epsilon_a_e,0.0017911250402536274,1,true,true,scientific_relative_metric_not_a_gate,eligible_primary_only
1.0.0,p1_dimer_confirmatory_r2,65,p1_dimer_ka010_fluid_f000_f1060_d0210_t000,ka=0.10000000000000001;material=fluid_f000_f1060,65,distance_ratio,2.1000000000000001,1,epsilon_a_e,0.22370410764830945,1,true,true,scientific_relative_metric_not_a_gate,eligible_primary_only
1.0.0,p1_dimer_confirmatory_r2,66,p1_dimer_ka010_fluid_f000_f1060_d0225_t000,ka=0.10000000000000001;material=fluid_f000_f1060,66,distance_ratio,2.25,1,epsilon_a_e,0.15090656428841084,1,true,true,scientific_relative_metric_not_a_gate,eligible_primary_only
1.0.0,p1_dimer_confirmatory_r2,67,p1_dimer_ka010_fluid_f000_f1060_d0250_t000,ka=0.10000000000000001;material=fluid_f000_f1060,67,distance_ratio,2.5,1,epsilon_a_e,0.0888634502178825,1,true,true,scientific_relative_metric_not_a_gate,eligible_primary_only
1.0.0,p1_dimer_confirmatory_r2,68,p1_dimer_ka010_fluid_f000_f1060_d0300_t000,ka=0.10000000000000001;material=fluid_f000_f1060,68,distance_ratio,3,1,epsilon_a_e,0.039372804178367915,1,true,true,scientific_relative_metric_not_a_gate,eligible_primary_only
1.0.0,p1_dimer_confirmatory_r2,69,p1_dimer_ka010_fluid_f000_f1060_d0400_t000,ka=0.10000000000000001;material=fluid_f000_f1060,69,distance_ratio,4,1,epsilon_a_e,0.012354433795495908,1,true,true,scientific_relative_metric_not_a_gate,eligible_primary_only
1.0.0,p1_dimer_confirmatory_r2,70,p1_dimer_ka010_fluid_f000_f1060_d0600_t000,ka=0.10000000000000001;material=fluid_f000_f1060,70,distance_ratio,6,1,epsilon_a_e,0.0021893128636447522,1,true,true,scientific_relative_metric_not_a_gate,eligible_primary_only
1.0.0,p1_dimer_confirmatory_r2,71,p1_dimer_ka010_fluid_f000_f1060_d0800_t000,ka=0.10000000000000001;material=fluid_f000_f1060,71,distance_ratio,8,1,epsilon_a_e,5.4147688488355332e-05,1,true,true,scientific_relative_metric_not_a_gate,eligible_primary_only
1.0.0,p1_dimer_confirmatory_r2,72,p1_dimer_ka010_fluid_f000_f1060_d1000_t000,ka=0.10000000000000001;material=fluid_f000_f1060,72,distance_ratio,10,1,epsilon_a_e,0.00070078385190656489,1,true,true,scientific_relative_metric_not_a_gate,eligible_primary_only
1.0.0,p1_dimer_confirmatory_r2,73,p1_dimer_ka010_fluid_f020_f1060_d0210_t000,ka=0.10000000000000001;material=fluid_f020_f1060,73,distance_ratio,2.1000000000000001,1,epsilon_a_e,0.22246069782120254,1,true,true,scientific_relative_metric_not_a_gate,eligible_primary_only
1.0.0,p1_dimer_confirmatory_r2,74,p1_dimer_ka010_fluid_f020_f1060_d0225_t000,ka=0.10000000000000001;material=fluid_f020_f1060,74,distance_ratio,2.25,1,epsilon_a_e,0.14956942912510762,1,true,true,scientific_relative_metric_not_a_gate,eligible_primary_only
1.0.0,p1_dimer_confirmatory_r2,75,p1_dimer_ka010_fluid_f020_f1060_d0250_t000,ka=0.10000000000000001;material=fluid_f020_f1060,75,distance_ratio,2.5,1,epsilon_a_e,0.087450347914938234,1,true,true,scientific_relative_metric_not_a_gate,eligible_primary_only
1.0.0,p1_dimer_confirmatory_r2,76,p1_dimer_ka010_fluid_f020_f1060_d0300_t000,ka=0.10000000000000001;material=fluid_f020_f1060,76,distance_ratio,3,1,epsilon_a_e,0.037903161153086631,1,true,true,scientific_relative_metric_not_a_gate,eligible_primary_only
1.0.0,p1_dimer_confirmatory_r2,77,p1_dimer_ka010_fluid_f020_f1060_d0400_t000,ka=0.10000000000000001;material=fluid_f020_f1060,77,distance_ratio,4,1,epsilon_a_e,0.010856750645933444,1,true,true,scientific_relative_metric_not_a_gate,eligible_primary_only
1.0.0,p1_dimer_confirmatory_r2,78,p1_dimer_ka010_fluid_f020_f1060_d0600_t000,ka=0.10000000000000001;material=fluid_f020_f1060,78,distance_ratio,6,1,epsilon_a_e,0.00068215604940366124,1,true,true,scientific_relative_metric_not_a_gate,eligible_primary_only
1.0.0,p1_dimer_confirmatory_r2,79,p1_dimer_ka010_fluid_f020_f1060_d0800_t000,ka=0.10000000000000001;material=fluid_f020_f1060,79,distance_ratio,8,1,epsilon_a_e,0.0014548581987693912,1,true,true,scientific_relative_metric_not_a_gate,eligible_primary_only
1.0.0,p1_dimer_confirmatory_r2,80,p1_dimer_ka010_fluid_f020_f1060_d1000_t000,ka=0.10000000000000001;material=fluid_f020_f1060,80,distance_ratio,10,1,epsilon_a_e,0.0022104274339925256,1,true,true,scientific_relative_metric_not_a_gate,eligible_primary_only
1.0.0,p1_dimer_confirmatory_r2,81,p1_dimer_ka010_fluid_f000_f1080_d0210_t000,ka=0.10000000000000001;material=fluid_f000_f1080,81,distance_ratio,2.1000000000000001,1,epsilon_a_e,0.30569050164626033,1,true,true,scientific_relative_metric_not_a_gate,eligible_primary_only
1.0.0,p1_dimer_confirmatory_r2,82,p1_dimer_ka010_fluid_f000_f1080_d0225_t000,ka=0.10000000000000001;material=fluid_f000_f1080,82,distance_ratio,2.25,1,epsilon_a_e,0.2045479895122061,1,true,true,scientific_relative_metric_not_a_gate,eligible_primary_only
1.0.0,p1_dimer_confirmatory_r2,83,p1_dimer_ka010_fluid_f000_f1080_d0250_t000,ka=0.10000000000000001;material=fluid_f000_f1080,83,distance_ratio,2.5,1,epsilon_a_e,0.12057318984999524,1,true,true,scientific_relative_metric_not_a_gate,eligible_primary_only
1.0.0,p1_dimer_confirmatory_r2,84,p1_dimer_ka010_fluid_f000_f1080_d0300_t000,ka=0.10000000000000001;material=fluid_f000_f1080,84,distance_ratio,3,1,epsilon_a_e,0.054042547361007338,1,true,true,scientific_relative_metric_not_a_gate,eligible_primary_only
1.0.0,p1_dimer_confirmatory_r2,85,p1_dimer_ka010_fluid_f000_f1080_d0400_t000,ka=0.10000000000000001;material=fluid_f000_f1080,85,distance_ratio,4,1,epsilon_a_e,0.017807084327205566,1,true,true,scientific_relative_metric_not_a_gate,eligible_primary_only
1.0.0,p1_dimer_confirmatory_r2,86,p1_dimer_ka010_fluid_f000_f1080_d0600_t000,ka=0.10000000000000001;material=fluid_f000_f1080,86,distance_ratio,6,1,epsilon_a_e,0.00423098435763838,1,true,true,scientific_relative_metric_not_a_gate,eligible_primary_only
1.0.0,p1_dimer_confirmatory_r2,87,p1_dimer_ka010_fluid_f000_f1080_d0800_t000,ka=0.10000000000000001;material=fluid_f000_f1080,87,distance_ratio,8,1,epsilon_a_e,0.0013938485134133614,1,true,true,scientific_relative_metric_not_a_gate,eligible_primary_only
1.0.0,p1_dimer_confirmatory_r2,88,p1_dimer_ka010_fluid_f000_f1080_d1000_t000,ka=0.10000000000000001;material=fluid_f000_f1080,88,distance_ratio,10,1,epsilon_a_e,0.00039386709590041446,1,true,true,scientific_relative_metric_not_a_gate,eligible_primary_only
1.0.0,p1_dimer_confirmatory_r2,90,p1_dimer_ka010_rigid_boundary_d0225_t000,ka=0.10000000000000001;material=rigid_boundary,90,distance_ratio,2.25,1,epsilon_a_e,0.25471332689360898,1,true,true,scientific_relative_metric_not_a_gate,eligible_primary_only
1.0.0,p1_dimer_confirmatory_r2,91,p1_dimer_ka010_rigid_boundary_d0250_t000,ka=0.10000000000000001;material=rigid_boundary,91,distance_ratio,2.5,1,epsilon_a_e,0.14747162080214626,1,true,true,scientific_relative_metric_not_a_gate,eligible_primary_only
1.0.0,p1_dimer_confirmatory_r2,92,p1_dimer_ka010_rigid_boundary_d0300_t000,ka=0.10000000000000001;material=rigid_boundary,92,distance_ratio,3,1,epsilon_a_e,0.063145979268463159,1,true,true,scientific_relative_metric_not_a_gate,eligible_primary_only
1.0.0,p1_dimer_confirmatory_r2,93,p1_dimer_ka010_rigid_boundary_d0400_t000,ka=0.10000000000000001;material=rigid_boundary,93,distance_ratio,4,1,epsilon_a_e,0.017338746159560232,1,true,true,scientific_relative_metric_not_a_gate,eligible_primary_only
1.0.0,p1_dimer_confirmatory_r2,94,p1_dimer_ka010_rigid_boundary_d0600_t000,ka=0.10000000000000001;material=rigid_boundary,94,distance_ratio,6,1,epsilon_a_e,0.00024653935235086007,1,true,true,scientific_relative_metric_not_a_gate,eligible_primary_only
1.0.0,p1_dimer_confirmatory_r2,95,p1_dimer_ka010_rigid_boundary_d0800_t000,ka=0.10000000000000001;material=rigid_boundary,95,distance_ratio,8,1,epsilon_a_e,0.0033091590710619466,1,true,true,scientific_relative_metric_not_a_gate,eligible_primary_only
1.0.0,p1_dimer_confirmatory_r2,96,p1_dimer_ka010_rigid_boundary_d1000_t000,ka=0.10000000000000001;material=rigid_boundary,96,distance_ratio,10,1,epsilon_a_e,0.0045592008244595252,1,true,true,scientific_relative_metric_not_a_gate,eligible_primary_only
