schema_version,figure_id,panel_id,series_id,point_order,case_id,x_name,x_value,x_unit,y_name,y_value,y_unit,xerr_low,xerr_high,yerr_low,yerr_high,marker,color,linestyle,label,eligible,annotation
1.0.0,p1_5_resource_pilot,resource_profile,order_wall_seconds,1,p1_pilot_rigid_ka010_d0210_t000,lmax,2,1,order_wall_seconds,0.0079050810309126973,s,,,,,circle,#0072B2,solid,order_wall_seconds,false,unconfirmed_at_21
1.0.0,p1_5_resource_pilot,resource_profile,order_wall_seconds,2,p1_pilot_rigid_ka010_d0210_t000,lmax,3,1,order_wall_seconds,0.021265650051645935,s,,,,,circle,#0072B2,solid,order_wall_seconds,false,unconfirmed_at_21
1.0.0,p1_5_resource_pilot,resource_profile,order_wall_seconds,3,p1_pilot_rigid_ka010_d0210_t000,lmax,4,1,order_wall_seconds,0.055400728946551681,s,,,,,circle,#0072B2,solid,order_wall_seconds,false,unconfirmed_at_21
1.0.0,p1_5_resource_pilot,resource_profile,order_wall_seconds,4,p1_pilot_rigid_ka010_d0210_t000,lmax,5,1,order_wall_seconds,0.13530193304177374,s,,,,,circle,#0072B2,solid,order_wall_seconds,false,unconfirmed_at_21
1.0.0,p1_5_resource_pilot,resource_profile,order_wall_seconds,5,p1_pilot_rigid_ka010_d0210_t000,lmax,6,1,order_wall_seconds,0.30381175596266985,s,,,,,circle,#0072B2,solid,order_wall_seconds,false,unconfirmed_at_21
1.0.0,p1_5_resource_pilot,resource_profile,order_wall_seconds,6,p1_pilot_rigid_ka010_d0210_t000,lmax,7,1,order_wall_seconds,0.70003593200817704,s,,,,,circle,#0072B2,solid,order_wall_seconds,false,unconfirmed_at_21
1.0.0,p1_5_resource_pilot,resource_profile,order_wall_seconds,7,p1_pilot_rigid_ka010_d0210_t000,lmax,8,1,order_wall_seconds,1.3952660659560934,s,,,,,circle,#0072B2,solid,order_wall_seconds,false,unconfirmed_at_21
1.0.0,p1_5_resource_pilot,resource_profile,order_wall_seconds,8,p1_pilot_rigid_ka010_d0210_t000,lmax,9,1,order_wall_seconds,2.4796382070053369,s,,,,,circle,#0072B2,solid,order_wall_seconds,false,unconfirmed_at_21
1.0.0,p1_5_resource_pilot,resource_profile,order_wall_seconds,9,p1_pilot_rigid_ka010_d0210_t000,lmax,10,1,order_wall_seconds,4.1684431080939248,s,,,,,circle,#0072B2,solid,order_wall_seconds,false,unconfirmed_at_21
1.0.0,p1_5_resource_pilot,resource_profile,order_wall_seconds,10,p1_pilot_rigid_ka010_d0210_t000,lmax,11,1,order_wall_seconds,6.2625896510435268,s,,,,,circle,#0072B2,solid,order_wall_seconds,false,unconfirmed_at_21
1.0.0,p1_5_resource_pilot,resource_profile,order_wall_seconds,11,p1_pilot_rigid_ka010_d0210_t000,lmax,12,1,order_wall_seconds,9.5105749039212242,s,,,,,circle,#0072B2,solid,order_wall_seconds,false,unconfirmed_at_21
1.0.0,p1_5_resource_pilot,resource_profile,order_wall_seconds,12,p1_pilot_rigid_ka010_d0210_t000,lmax,13,1,order_wall_seconds,13.382418327964842,s,,,,,circle,#0072B2,solid,order_wall_seconds,false,unconfirmed_at_21
1.0.0,p1_5_resource_pilot,resource_profile,order_wall_seconds,13,p1_pilot_rigid_ka010_d0210_t000,lmax,14,1,order_wall_seconds,18.932089902926236,s,,,,,circle,#0072B2,solid,order_wall_seconds,false,unconfirmed_at_21
1.0.0,p1_5_resource_pilot,resource_profile,order_wall_seconds,14,p1_pilot_rigid_ka010_d0210_t000,lmax,15,1,order_wall_seconds,25.621153814950958,s,,,,,circle,#0072B2,solid,order_wall_seconds,false,unconfirmed_at_21
1.0.0,p1_5_resource_pilot,resource_profile,order_wall_seconds,15,p1_pilot_rigid_ka010_d0210_t000,lmax,16,1,order_wall_seconds,34.346087877987884,s,,,,,circle,#0072B2,solid,order_wall_seconds,false,unconfirmed_at_21
1.0.0,p1_5_resource_pilot,resource_profile,order_wall_seconds,16,p1_pilot_rigid_ka010_d0210_t000,lmax,17,1,order_wall_seconds,44.408703183988109,s,,,,,circle,#0072B2,solid,order_wall_seconds,false,unconfirmed_at_21
1.0.0,p1_5_resource_pilot,resource_profile,order_wall_seconds,17,p1_pilot_rigid_ka010_d0210_t000,lmax,18,1,order_wall_seconds,57.725285248016007,s,,,,,circle,#0072B2,solid,order_wall_seconds,false,unconfirmed_at_21
1.0.0,p1_5_resource_pilot,resource_profile,order_wall_seconds,18,p1_pilot_rigid_ka010_d0210_t000,lmax,19,1,order_wall_seconds,72.028454759973101,s,,,,,circle,#0072B2,solid,order_wall_seconds,false,unconfirmed_at_21
1.0.0,p1_5_resource_pilot,resource_profile,order_wall_seconds,19,p1_pilot_rigid_ka010_d0210_t000,lmax,20,1,order_wall_seconds,91.002659242949449,s,,,,,circle,#0072B2,solid,order_wall_seconds,false,unconfirmed_at_21
1.0.0,p1_5_resource_pilot,resource_profile,order_wall_seconds,20,p1_pilot_rigid_ka010_d0210_t000,lmax,21,1,order_wall_seconds,111.6329232819844,s,,,,,circle,#0072B2,solid,order_wall_seconds,false,unconfirmed_at_21
1.0.0,p1_5_resource_pilot,resource_profile,peak_rss_bytes,1,p1_pilot_rigid_ka010_d0210_t000,lmax,2,1,peak_rss_bytes,135667712,byte,,,,,square,#D55E00,solid,peak_rss_bytes,false,unconfirmed_at_21
1.0.0,p1_5_resource_pilot,resource_profile,peak_rss_bytes,2,p1_pilot_rigid_ka010_d0210_t000,lmax,3,1,peak_rss_bytes,135929856,byte,,,,,square,#D55E00,solid,peak_rss_bytes,false,unconfirmed_at_21
1.0.0,p1_5_resource_pilot,resource_profile,peak_rss_bytes,3,p1_pilot_rigid_ka010_d0210_t000,lmax,4,1,peak_rss_bytes,136716288,byte,,,,,square,#D55E00,solid,peak_rss_bytes,false,unconfirmed_at_21
1.0.0,p1_5_resource_pilot,resource_profile,peak_rss_bytes,4,p1_pilot_rigid_ka010_d0210_t000,lmax,5,1,peak_rss_bytes,137764864,byte,,,,,square,#D55E00,solid,peak_rss_bytes,false,unconfirmed_at_21
1.0.0,p1_5_resource_pilot,resource_profile,peak_rss_bytes,5,p1_pilot_rigid_ka010_d0210_t000,lmax,6,1,peak_rss_bytes,139337728,byte,,,,,square,#D55E00,solid,peak_rss_bytes,false,unconfirmed_at_21
1.0.0,p1_5_resource_pilot,resource_profile,peak_rss_bytes,6,p1_pilot_rigid_ka010_d0210_t000,lmax,7,1,peak_rss_bytes,140648448,byte,,,,,square,#D55E00,solid,peak_rss_bytes,false,unconfirmed_at_21
1.0.0,p1_5_resource_pilot,resource_profile,peak_rss_bytes,7,p1_pilot_rigid_ka010_d0210_t000,lmax,8,1,peak_rss_bytes,141959168,byte,,,,,square,#D55E00,solid,peak_rss_bytes,false,unconfirmed_at_21
1.0.0,p1_5_resource_pilot,resource_profile,peak_rss_bytes,8,p1_pilot_rigid_ka010_d0210_t000,lmax,9,1,peak_rss_bytes,143269888,byte,,,,,square,#D55E00,solid,peak_rss_bytes,false,unconfirmed_at_21
1.0.0,p1_5_resource_pilot,resource_profile,peak_rss_bytes,9,p1_pilot_rigid_ka010_d0210_t000,lmax,10,1,peak_rss_bytes,145629184,byte,,,,,square,#D55E00,solid,peak_rss_bytes,false,unconfirmed_at_21
1.0.0,p1_5_resource_pilot,resource_profile,peak_rss_bytes,10,p1_pilot_rigid_ka010_d0210_t000,lmax,11,1,peak_rss_bytes,149037056,byte,,,,,square,#D55E00,solid,peak_rss_bytes,false,unconfirmed_at_21
1.0.0,p1_5_resource_pilot,resource_profile,peak_rss_bytes,11,p1_pilot_rigid_ka010_d0210_t000,lmax,12,1,peak_rss_bytes,152444928,byte,,,,,square,#D55E00,solid,peak_rss_bytes,false,unconfirmed_at_21
1.0.0,p1_5_resource_pilot,resource_profile,peak_rss_bytes,12,p1_pilot_rigid_ka010_d0210_t000,lmax,13,1,peak_rss_bytes,158732288,byte,,,,,square,#D55E00,solid,peak_rss_bytes,false,unconfirmed_at_21
1.0.0,p1_5_resource_pilot,resource_profile,peak_rss_bytes,13,p1_pilot_rigid_ka010_d0210_t000,lmax,14,1,peak_rss_bytes,165285888,byte,,,,,square,#D55E00,solid,peak_rss_bytes,false,unconfirmed_at_21
1.0.0,p1_5_resource_pilot,resource_profile,peak_rss_bytes,14,p1_pilot_rigid_ka010_d0210_t000,lmax,15,1,peak_rss_bytes,176668672,byte,,,,,square,#D55E00,solid,peak_rss_bytes,false,unconfirmed_at_21
1.0.0,p1_5_resource_pilot,resource_profile,peak_rss_bytes,15,p1_pilot_rigid_ka010_d0210_t000,lmax,16,1,peak_rss_bytes,187416576,byte,,,,,square,#D55E00,solid,peak_rss_bytes,false,unconfirmed_at_21
1.0.0,p1_5_resource_pilot,resource_profile,peak_rss_bytes,16,p1_pilot_rigid_ka010_d0210_t000,lmax,17,1,peak_rss_bytes,206442496,byte,,,,,square,#D55E00,solid,peak_rss_bytes,false,unconfirmed_at_21
1.0.0,p1_5_resource_pilot,resource_profile,peak_rss_bytes,17,p1_pilot_rigid_ka010_d0210_t000,lmax,18,1,peak_rss_bytes,224006144,byte,,,,,square,#D55E00,solid,peak_rss_bytes,false,unconfirmed_at_21
1.0.0,p1_5_resource_pilot,resource_profile,peak_rss_bytes,18,p1_pilot_rigid_ka010_d0210_t000,lmax,19,1,peak_rss_bytes,245239808,byte,,,,,square,#D55E00,solid,peak_rss_bytes,false,unconfirmed_at_21
1.0.0,p1_5_resource_pilot,resource_profile,peak_rss_bytes,19,p1_pilot_rigid_ka010_d0210_t000,lmax,20,1,peak_rss_bytes,280924160,byte,,,,,square,#D55E00,solid,peak_rss_bytes,false,unconfirmed_at_21
1.0.0,p1_5_resource_pilot,resource_profile,peak_rss_bytes,20,p1_pilot_rigid_ka010_d0210_t000,lmax,21,1,peak_rss_bytes,311857152,byte,,,,,square,#D55E00,solid,peak_rss_bytes,false,unconfirmed_at_21
