case_id,field_channel,particle,component,lmax,control_radius_over_a,theta_order,phi_count,analytic_force,integrated_force,absolute_error,relative_error_or_absolute_if_unresolved,force_resolved
dimer_axis,effective_total,0,x,4,1.01,24,48,0.35257977168881222,0.35257977168881216,5.5511151231257827e-17,1.5744281348123429e-16,true
dimer_axis,effective_total,0,y,4,1.01,24,48,6.539355445563922e-19,-5.9955277979177426e-17,6.0609213523733818e-17,1.7190212936330238e-16,true
dimer_axis,effective_total,0,z,4,1.01,24,48,0,-1.4709728660827758e-16,1.4709728660827758e-16,4.172028528571004e-16,true
dimer_axis,effective_total,0,x,4,1.01,32,64,0.35257977168881222,0.35257977168881083,1.3877787807814457e-15,3.9360703370308569e-15,true
dimer_axis,effective_total,0,y,4,1.01,32,64,6.539355445563922e-19,4.5420348314360324e-16,4.5354954759904684e-16,1.2863742733356546e-15,true
dimer_axis,effective_total,0,z,4,1.01,32,64,0,-3.7474554506083428e-16,3.7474554506083428e-16,1.062867399527349e-15,true
dimer_axis,effective_total,0,x,4,1.04,24,48,0.35257977168881222,0.35257977168881111,1.1102230246251565e-15,3.1488562696246856e-15,true
dimer_axis,effective_total,0,y,4,1.04,24,48,6.539355445563922e-19,1.8656495619218118e-17,1.8002560074661726e-17,5.1059537501064667e-17,true
dimer_axis,effective_total,0,z,4,1.04,24,48,0,3.0504158227140367e-16,3.0504158227140367e-16,8.6517040047502822e-16,true
dimer_axis,effective_total,0,x,4,1.04,32,64,0.35257977168881222,0.35257977168881138,8.3266726846886741e-16,2.3616422022185142e-15,true
dimer_axis,effective_total,0,y,4,1.04,32,64,6.539355445563922e-19,6.1120819776910871e-16,6.1055426222455231e-16,1.7316769459009946e-15,true
dimer_axis,effective_total,0,z,4,1.04,32,64,0,-1.5583359255777475e-16,1.5583359255777475e-16,4.4198109214079888e-16,true
dimer_axis,effective_total,1,x,4,1.01,24,48,-0.35257977168881222,-0.35257977168881449,2.2759572004815709e-15,6.4551553527306055e-15,true
dimer_axis,effective_total,1,y,4,1.01,24,48,4.3670354117397299e-17,-1.91207463307952e-16,2.3487781742534928e-16,6.6616929354827827e-16,true
dimer_axis,effective_total,1,z,4,1.01,24,48,0,4.1736090088508387e-16,4.1736090088508387e-16,1.1837346733931396e-15,true
dimer_axis,effective_total,1,x,4,1.01,32,64,-0.35257977168881222,-0.35257977168881371,1.4988010832439613e-15,4.2509559639933258e-15,true
dimer_axis,effective_total,1,y,4,1.01,32,64,4.3670354117397299e-17,2.6793368104525537e-16,2.2426332692785808e-16,6.360640766589226e-16,true
dimer_axis,effective_total,1,z,4,1.01,32,64,0,9.7222458490982276e-16,9.7222458490982276e-16,2.7574599083010086e-15,true
dimer_axis,effective_total,1,x,4,1.04,24,48,-0.35257977168881222,-0.35257977168881366,1.4432899320127035e-15,4.0935131505120914e-15,true
dimer_axis,effective_total,1,y,4,1.04,24,48,4.3670354117397299e-17,-1.4485993784715825e-16,1.8853029196455556e-16,5.3471669988757287e-16,true
dimer_axis,effective_total,1,z,4,1.04,24,48,0,2.0615592566386456e-16,2.0615592566386456e-16,5.8470718463627093e-16,true
dimer_axis,effective_total,1,x,4,1.04,32,64,-0.35257977168881222,-0.35257977168881383,1.609823385706477e-15,4.5658415909557939e-15,true
dimer_axis,effective_total,1,y,4,1.04,32,64,4.3670354117397299e-17,6.5507212555857705e-16,6.1140177144117976e-16,1.7340806833944078e-15,true
dimer_axis,effective_total,1,z,4,1.04,32,64,0,-1.1572817357197176e-16,1.1572817357197176e-16,3.2823259547094418e-16,true
dimer_axis,external,0,x,4,1.01,24,48,0,-1.0167408690149593e-15,1.0167408690149593e-15,1.0167408690149593e-15,false
dimer_axis,external,0,y,4,1.01,24,48,0,-1.3872110535604166e-16,1.3872110535604166e-16,1.3872110535604166e-16,false
dimer_axis,external,0,z,4,1.01,24,48,0,-2.156689540497303e-17,2.156689540497303e-17,2.156689540497303e-17,false
dimer_axis,external,0,x,4,1.01,32,64,0,-1.1693543038710473e-15,1.1693543038710473e-15,1.1693543038710473e-15,false
dimer_axis,external,0,y,4,1.01,32,64,0,8.6540624045692261e-16,8.6540624045692261e-16,8.6540624045692261e-16,false
dimer_axis,external,0,z,4,1.01,32,64,0,1.0433676898803299e-16,1.0433676898803299e-16,1.0433676898803299e-16,false
dimer_axis,external,0,x,4,1.04,24,48,0,-7.3849086568156265e-16,7.3849086568156265e-16,7.3849086568156265e-16,false
dimer_axis,external,0,y,4,1.04,24,48,0,1.8978247792733606e-16,1.8978247792733606e-16,1.8978247792733606e-16,false
dimer_axis,external,0,z,4,1.04,24,48,0,-3.6669486891405261e-16,3.6669486891405261e-16,3.6669486891405261e-16,false
dimer_axis,external,0,x,4,1.04,32,64,0,-1.2283750405739371e-15,1.2283750405739371e-15,1.2283750405739371e-15,false
dimer_axis,external,0,y,4,1.04,32,64,0,3.9981280547558846e-17,3.9981280547558846e-17,3.9981280547558846e-17,false
dimer_axis,external,0,z,4,1.04,32,64,0,-5.0776743920621933e-17,5.0776743920621933e-17,5.0776743920621933e-17,false
dimer_axis,external,1,x,4,1.01,24,48,0,-1.0167408690149593e-15,1.0167408690149593e-15,1.0167408690149593e-15,false
dimer_axis,external,1,y,4,1.01,24,48,0,-1.3872110535604166e-16,1.3872110535604166e-16,1.3872110535604166e-16,false
dimer_axis,external,1,z,4,1.01,24,48,0,-2.156689540497303e-17,2.156689540497303e-17,2.156689540497303e-17,false
dimer_axis,external,1,x,4,1.01,32,64,0,-1.1693543038710473e-15,1.1693543038710473e-15,1.1693543038710473e-15,false
dimer_axis,external,1,y,4,1.01,32,64,0,8.6540624045692261e-16,8.6540624045692261e-16,8.6540624045692261e-16,false
dimer_axis,external,1,z,4,1.01,32,64,0,1.0433676898803299e-16,1.0433676898803299e-16,1.0433676898803299e-16,false
dimer_axis,external,1,x,4,1.04,24,48,0,-7.3849086568156265e-16,7.3849086568156265e-16,7.3849086568156265e-16,false
dimer_axis,external,1,y,4,1.04,24,48,0,1.8978247792733606e-16,1.8978247792733606e-16,1.8978247792733606e-16,false
dimer_axis,external,1,z,4,1.04,24,48,0,-3.6669486891405261e-16,3.6669486891405261e-16,3.6669486891405261e-16,false
dimer_axis,external,1,x,4,1.04,32,64,0,-1.2283750405739371e-15,1.2283750405739371e-15,1.2283750405739371e-15,false
dimer_axis,external,1,y,4,1.04,32,64,0,3.9981280547558846e-17,3.9981280547558846e-17,3.9981280547558846e-17,false
dimer_axis,external,1,z,4,1.04,32,64,0,-5.0776743920621933e-17,5.0776743920621933e-17,5.0776743920621933e-17,false
dimer_axis,other_particles,0,x,4,1.01,24,48,0.020403080000813832,0.020403080000813818,1.3877787807814457e-17,6.8018102204475523e-16,true
dimer_axis,other_particles,0,y,4,1.01,24,48,4.7130424684037292e-20,2.2148042122663248e-18,2.1676737875822874e-18,1.0624247846383114e-16,true
dimer_axis,other_particles,0,z,4,1.01,24,48,0,2.7779474650235694e-19,2.7779474650235694e-19,1.3615333885436725e-17,true
dimer_axis,other_particles,0,x,4,1.01,32,64,0.020403080000813832,0.020403080000813829,3.4694469519536142e-18,1.7004525551118881e-16,true
dimer_axis,other_particles,0,y,4,1.01,32,64,4.7130424684037292e-20,4.2135077788509496e-19,3.742203532010577e-19,1.8341365773507278e-17,true
dimer_axis,other_particles,0,z,4,1.01,32,64,0,-6.3745901782928092e-19,6.3745901782928092e-19,3.1243273947063586e-17,true
dimer_axis,other_particles,0,x,4,1.04,24,48,0.020403080000813832,0.02040308000081387,3.8163916471489756e-17,1.8704978106230766e-15,true
dimer_axis,other_particles,0,y,4,1.04,24,48,4.7130424684037292e-20,1.7672191750202134e-18,1.7200887503361762e-18,8.4305347539075752e-17,true
dimer_axis,other_particles,0,z,4,1.04,24,48,0,1.8854384199740171e-18,1.8854384199740171e-18,9.2409499933285132e-17,true
dimer_axis,other_particles,0,x,4,1.04,32,64,0.020403080000813832,0.020403080000813818,1.3877787807814457e-17,6.8018102204475523e-16,true
dimer_axis,other_particles,0,y,4,1.04,32,64,4.7130424684037292e-20,7.3702276975441489e-19,6.8989234507037762e-19,3.3813147085776234e-17,true
dimer_axis,other_particles,0,z,4,1.04,32,64,0,1.4798126374455935e-18,1.4798126374455935e-18,7.2528884726549486e-17,true
dimer_axis,other_particles,1,x,4,1.01,24,48,-0.020403080000813836,-0.020403080000813829,6.9388939039072284e-18,3.4009051102237752e-16,true
dimer_axis,other_particles,1,y,4,1.01,24,48,2.5259295949793114e-18,3.1340930613987449e-18,6.0816346641943356e-19,2.9807434289096311e-17,true
dimer_axis,other_particles,1,z,4,1.01,24,48,0,8.6319425118461762e-19,8.6319425118461762e-19,4.2307056147904467e-17,true
dimer_axis,other_particles,1,x,4,1.01,32,64,-0.020403080000813836,-0.020403080000813839,3.4694469519536142e-18,1.7004525551118876e-16,true
dimer_axis,other_particles,1,y,4,1.01,32,64,2.5259295949793114e-18,6.7950760540614675e-19,1.8464219895731644e-18,9.0497218532668327e-17,true
dimer_axis,other_particles,1,z,4,1.01,32,64,0,1.0029556827452903e-18,1.0029556827452903e-18,4.915707249617629e-17,true
dimer_axis,other_particles,1,x,4,1.04,24,48,-0.020403080000813836,-0.020403080000813881,4.5102810375396984e-17,2.210588321645454e-15,true
dimer_axis,other_particles,1,y,4,1.04,24,48,2.5259295949793114e-18,1.754038770613697e-18,7.7189082436561439e-19,3.7832073605300051e-17,true
dimer_axis,other_particles,1,z,4,1.04,24,48,0,5.3915476683902289e-19,5.3915476683902289e-19,2.6425165554294604e-17,true
dimer_axis,other_particles,1,x,4,1.04,32,64,-0.020403080000813836,-0.020403080000813829,6.9388939039072284e-18,3.4009051102237752e-16,true
dimer_axis,other_particles,1,y,4,1.04,32,64,2.5259295949793114e-18,1.2947993759443223e-18,1.2311302190349891e-18,6.0340410319710643e-17,true
dimer_axis,other_particles,1,z,4,1.04,32,64,0,3.9877182908846723e-18,3.9877182908846723e-18,1.9544687815396551e-16,true
