record_type,candidate,scope,point_count,prefactor,exponent,rmse_log,median_factor,p90_factor,maximum_factor,fraction_within_factor_2,spearman,reference_derived,value,recommendation
global_oof,P0_frozen_rho_l1,all,28,2.6353684041458636,1.1088518115798773,0.81060335579950271,1.6049065112056535,2.6375248835426581,15.157639966319513,0.6071428571428571,0.97099069512862612,false,0,not_applicable
stratum_oof,P0_frozen_rho_l1,n2_pair,4,0,0,1.5844437298080241,3.116385754041759,11.70757138942324,15.157639966319513,0.25,1,false,0,not_applicable
stratum_oof,P0_frozen_rho_l1,n3_compact,4,0,0,0.75275868748321706,2.1591158707277316,2.6478123800854374,2.7825759718329328,0.5,1,false,0,not_applicable
stratum_oof,P0_frozen_rho_l1,n3_irregular,4,0,0,0.55579899240032582,1.5450607971528543,2.1634467692719692,2.423186492371447,0.75,1,false,0,not_applicable
stratum_oof,P0_frozen_rho_l1,n3_linear,4,0,0,0.52889087558731862,1.4645564104190407,2.1439099300148312,2.4337881710628566,0.75,1,false,0,not_applicable
stratum_oof,P0_frozen_rho_l1,n4_compact,4,0,0,0.51269341161242132,1.5647731603570747,2.0485301338339177,2.2182892167464021,0.75,1,false,0,not_applicable
stratum_oof,P0_frozen_rho_l1,n4_irregular,4,0,0,0.56941592786254247,1.7284562575171534,2.1562750882646076,2.2320876010739448,0.75,1,false,0,not_applicable
stratum_oof,P0_frozen_rho_l1,n4_linear,4,0,0,0.5888207851947882,1.7417814221680543,2.2640812602264715,2.3415895925433321,0.5,1,false,0,not_applicable
global_oof,P1_eta,all,28,0,0,0.79509059112256186,1.3110593224942959,2.378254419902941,35.404797373179854,0.8214285714285714,0.92993979200875754,false,0,not_applicable
stratum_oof,P1_eta,n2_pair,4,0,0,1.8383942028852343,1.8378947497013598,25.462571746646177,35.404797373179854,0.5,1,false,0,not_applicable
stratum_oof,P1_eta,n3_compact,4,0,0,0.60281304907477551,1.5203595747878331,2.3780319197923827,2.7172338481673628,0.75,1,false,0,not_applicable
stratum_oof,P1_eta,n3_irregular,4,0,0,0.1634189779099125,1.1184126088473301,1.271953777149202,1.3299443617503104,1,1,false,0,not_applicable
stratum_oof,P1_eta,n3_linear,4,0,0,0.17763071175268785,1.0799407353801111,1.3128785545780419,1.3977110255511069,1,1,false,0,not_applicable
stratum_oof,P1_eta,n4_compact,4,0,0,0.64348496625972695,1.7976887800600621,2.4556149495548212,2.6447424019632466,0.5,1,false,0,not_applicable
stratum_oof,P1_eta,n4_irregular,4,0,0,0.31947815450810457,1.1706625055253759,1.6397527255884947,1.7887149151671575,1,1,false,0,not_applicable
stratum_oof,P1_eta,n4_linear,4,0,0,0.32819033226991368,1.1444287099280999,1.6641993653873972,1.8711360273378093,1,1,false,0,not_applicable
global_oof,P2_lambda_max,all,28,0,0,0.6293890920247307,1.3769284227385432,1.8901869285638531,14.554217960790472,0.8928571428571429,0.94690749863163659,false,0,not_applicable
stratum_oof,P2_lambda_max,n2_pair,4,0,0,1.4162528497939568,1.9105507527855665,10.829270974486199,14.554217960790472,0.5,1,false,0,not_applicable
stratum_oof,P2_lambda_max,n3_compact,4,0,0,0.50069071492811767,1.387516649741189,2.1220560861424307,2.4185178320579457,0.75,1,false,0,not_applicable
stratum_oof,P2_lambda_max,n3_irregular,4,0,0,0.20757357738908619,1.1924094721783201,1.3216443512124121,1.357520981390804,1,1,false,0,not_applicable
stratum_oof,P2_lambda_max,n3_linear,4,0,0,0.33674577949310713,1.3205509495519521,1.6283229864940654,1.7017857135643,1,1,false,0,not_applicable
stratum_oof,P2_lambda_max,n4_compact,4,0,0,0.3952551015056025,1.4625502838631226,1.690475304832614,1.784097895187124,1,1,false,0,not_applicable
stratum_oof,P2_lambda_max,n4_irregular,4,0,0,0.31257047038433194,1.2892056258878655,1.5159391172308867,1.5950030597408507,1,1,false,0,not_applicable
stratum_oof,P2_lambda_max,n4_linear,4,0,0,0.32563733399943828,1.4290551036269354,1.493602481107329,1.5072431116529319,1,1,false,0,not_applicable
global_oof,P3_rho_l1,all,28,0,0,0.64584897371040173,1.2531612543101769,1.8200452947201886,18.43960615363461,0.9285714285714286,0.96004378762999454,false,0,not_applicable
stratum_oof,P3_rho_l1,n2_pair,4,0,0,1.4994951904422218,1.6267576224658415,13.450858690766136,18.43960615363461,0.75,1,false,0,not_applicable
stratum_oof,P3_rho_l1,n3_compact,4,0,0,0.38697358762933054,1.1235099242754898,1.8251426233597035,2.119932429189709,0.75,1,false,0,not_applicable
stratum_oof,P3_rho_l1,n3_irregular,4,0,0,0.25656871820059424,1.1852717701723139,1.4531815175952612,1.5638865179333616,1,1,false,0,not_applicable
stratum_oof,P3_rho_l1,n3_linear,4,0,0,0.22067566746355793,1.1924806227667326,1.3702149723950512,1.4173497035036686,1,1,false,0,not_applicable
stratum_oof,P3_rho_l1,n4_compact,4,0,0,0.37662547955447867,1.3592932581209292,1.7234474921230658,1.7999727443397191,1,1,false,0,not_applicable
stratum_oof,P3_rho_l1,n4_irregular,4,0,0,0.36347712395717413,1.3332398801174139,1.6410003556931261,1.7625269056077166,1,1,false,0,not_applicable
stratum_oof,P3_rho_l1,n4_linear,4,0,0,0.36486198124493724,1.2684423641891376,1.6769462248977103,1.8424391128969295,1,1,false,0,not_applicable
global_oof,P4_epsilon_a_d,all,28,0,0,0.5610640793133741,1.2362725339867739,1.3825670676818425,15.37947584862918,0.9642857142857143,0.99452654625068404,true,0,not_applicable
stratum_oof,P4_epsilon_a_d,n2_pair,4,0,0,1.3681284956181672,1.0936646734002888,11.096651216610262,15.37947584862918,0.75,1,true,0,not_applicable
stratum_oof,P4_epsilon_a_d,n3_compact,4,0,0,0.23233701143217941,1.2548293981548977,1.3444739047409013,1.374909091075448,1,1,true,0,not_applicable
stratum_oof,P4_epsilon_a_d,n3_irregular,4,0,0,0.30994839833078353,1.2845017126077987,1.5351067427940019,1.6357611662040585,1,1,true,0,not_applicable
stratum_oof,P4_epsilon_a_d,n3_linear,4,0,0,0.21336793549155042,1.1988419340012915,1.3521525278421975,1.3909185543339611,1,1,true,0,not_applicable
stratum_oof,P4_epsilon_a_d,n4_compact,4,0,0,0.21440019573258765,1.205696982786038,1.3361949238688675,1.3789878591166487,1,1,true,0,not_applicable
stratum_oof,P4_epsilon_a_d,n4_irregular,4,0,0,0.23574149885121451,1.2675083906122868,1.327569962114131,1.3418333122433588,1,1,true,0,not_applicable
stratum_oof,P4_epsilon_a_d,n4_linear,4,0,0,0.18616889249321245,1.150735006025617,1.284756116030622,1.3380434736907738,1,1,true,0,not_applicable
fold_fit,P1_eta,n2_pair,24,6.7045363913646385,1.236015229267037,0,0,0,0,0,0,false,0,not_applicable
fold_fit,P1_eta,n3_compact,24,8.3132416305882018,1.3520145673940749,0,0,0,0,0,0,false,0,not_applicable
fold_fit,P1_eta,n3_irregular,24,8.9602266738602516,1.3486892930195122,0,0,0,0,0,0,false,0,not_applicable
fold_fit,P1_eta,n3_linear,24,8.8980387194164834,1.3455950704347719,0,0,0,0,0,0,false,0,not_applicable
fold_fit,P1_eta,n4_compact,24,9.1424872890759037,1.3764627602061139,0,0,0,0,0,0,false,0,not_applicable
fold_fit,P1_eta,n4_irregular,24,8.8046928670265885,1.3537850856633806,0,0,0,0,0,0,false,0,not_applicable
fold_fit,P1_eta,n4_linear,24,8.678320672583629,1.3497807543913967,0,0,0,0,0,0,false,0,not_applicable
fold_fit,P2_lambda_max,n2_pair,24,2.9038082378694181,1.2457273168209442,0,0,0,0,0,0,false,0,not_applicable
fold_fit,P2_lambda_max,n3_compact,24,4.5472396775520449,1.4086878855733089,0,0,0,0,0,0,false,0,not_applicable
fold_fit,P2_lambda_max,n3_irregular,24,4.8019850220253293,1.4088343827099998,0,0,0,0,0,0,false,0,not_applicable
fold_fit,P2_lambda_max,n3_linear,24,5.0626661936288437,1.411648124686588,0,0,0,0,0,0,false,0,not_applicable
fold_fit,P2_lambda_max,n4_compact,24,4.9288692695378202,1.4218455553918856,0,0,0,0,0,0,false,0,not_applicable
fold_fit,P2_lambda_max,n4_irregular,24,4.8649035797805285,1.4132581354018752,0,0,0,0,0,0,false,0,not_applicable
fold_fit,P2_lambda_max,n4_linear,24,4.8978183049625423,1.4104821368952325,0,0,0,0,0,0,false,0,not_applicable
fold_fit,P3_rho_l1,n2_pair,24,8.6644792834914934,1.2769441060334463,0,0,0,0,0,0,false,0,not_applicable
fold_fit,P3_rho_l1,n3_compact,24,15.082734615064071,1.4355866216026709,0,0,0,0,0,0,false,0,not_applicable
fold_fit,P3_rho_l1,n3_irregular,24,16.14180680161525,1.447883002680308,0,0,0,0,0,0,false,0,not_applicable
fold_fit,P3_rho_l1,n3_linear,24,16.032732982652792,1.4442657854926839,0,0,0,0,0,0,false,0,not_applicable
fold_fit,P3_rho_l1,n4_compact,24,16.866081468323081,1.4531339979971021,0,0,0,0,0,0,false,0,not_applicable
fold_fit,P3_rho_l1,n4_irregular,24,16.490852117964778,1.4531219277997391,0,0,0,0,0,0,false,0,not_applicable
fold_fit,P3_rho_l1,n4_linear,24,16.238275324204288,1.449085672013724,0,0,0,0,0,0,false,0,not_applicable
fold_fit,P4_epsilon_a_d,n2_pair,24,2.4911443134349192,1.1257730450071008,0,0,0,0,0,0,true,0,not_applicable
fold_fit,P4_epsilon_a_d,n3_compact,24,3.4608543748408089,1.2465802188902564,0,0,0,0,0,0,true,0,not_applicable
fold_fit,P4_epsilon_a_d,n3_irregular,24,3.4287939357018948,1.2480101691103005,0,0,0,0,0,0,true,0,not_applicable
fold_fit,P4_epsilon_a_d,n3_linear,24,3.3934808036493003,1.2414755197412664,0,0,0,0,0,0,true,0,not_applicable
fold_fit,P4_epsilon_a_d,n4_compact,24,3.3747218773188776,1.2418307907200066,0,0,0,0,0,0,true,0,not_applicable
fold_fit,P4_epsilon_a_d,n4_irregular,24,3.3212288055281252,1.2388353075238012,0,0,0,0,0,0,true,0,not_applicable
fold_fit,P4_epsilon_a_d,n4_linear,24,3.3006321032256443,1.234878581896921,0,0,0,0,0,0,true,0,not_applicable
descriptive_global_fit,P1_eta,all,28,8.4124115934192716,1.3357649944884706,0,0,0,0,0,0,false,0,not_applicable
descriptive_global_fit,P2_lambda_max,all,28,4.4964255121671126,1.3883601043764593,0,0,0,0,0,0,false,0,not_applicable
descriptive_global_fit,P3_rho_l1,all,28,14.73950709797405,1.4226504975598322,0,0,0,0,0,0,false,0,not_applicable
descriptive_global_fit,P4_epsilon_a_d,all,28,3.2416395799394651,1.2259217585309439,0,0,0,0,0,0,true,0,not_applicable
residual_spearman,particle_count,all_mechanism_applicable,26,0,0,0,0,0,0,0,0.034238906780446846,false,0,not_applicable
residual_spearman,f1,all_mechanism_applicable,26,0,0,0,0,0,0,0,-0.019882923849811086,false,0,not_applicable
residual_spearman,distance_ratio,all_mechanism_applicable,26,0,0,0,0,0,0,0,-0.85498090355877343,false,0,not_applicable
residual_spearman,rho_l1,all_mechanism_applicable,26,0,0,0,0,0,0,0,0.63829059829059831,false,0,not_applicable
residual_spearman,r_s_over_d,all_mechanism_applicable,26,0,0,0,0,0,0,0,0.3907692307692307,true,0,not_applicable
residual_spearman,r_m_over_d,all_mechanism_applicable,26,0,0,0,0,0,0,0,-0.66905982905982897,true,0,not_applicable
residual_spearman,mu_ds,all_mechanism_applicable,26,0,0,0,0,0,0,0,0.18308586153034234,true,0,not_applicable
residual_spearman,p_s,all_mechanism_applicable,26,0,0,0,0,0,0,0,-0.45846153846153842,true,0,not_applicable
residual_spearman,cancellation_ratio,all_mechanism_applicable,26,0,0,0,0,0,0,0,-0.67726495726495717,true,0,not_applicable
recommendation,t12_1,all,28,0,0,0,0,0,0,0,0,false,0,READY_T12_2_RHO1_RECALIBRATION_STUDY
