holdout_order,case_id,particle_count,family,stratum,target_level,model,predictor_name,predictor_value,point_prediction,safety_factor,conservative_prediction,safe_1pct,safe_5pct,safe_10pct,model_e_response_column_present
1,n6_linear_f0.1_d4.0,6,linear,n6_linear,1,M1,lambda_max,0.003573495370370371,0.0018016882907731968,2.5699703122019222,0.0046302854191289404,true,true,true,false
1,n6_linear_f0.1_d4.0,6,linear,n6_linear,1,P3,rho_l1,0.001732512316638866,0.0017381388571367491,2.0464420079866286,0.0035570003729585124,true,true,true,false
2,n6_linear_f1.0_d6.0,6,linear,n6_linear,2,M1,lambda_max,0.010588134430727021,0.0081396461229716836,2.5699703122019222,0.020918648887866702,false,true,true,false
2,n6_linear_f1.0_d6.0,6,linear,n6_linear,2,P3,rho_l1,0.0055972766743282833,0.009218091158167338,2.0464420079866286,0.018864288979523754,false,true,true,false
3,n6_linear_f0.1_d2.1,6,linear,n6_linear,3,M1,lambda_max,0.024695357272832699,0.026377803717325062,2.5699703122019222,0.067790172454614911,false,false,true,false
3,n6_linear_f0.1_d2.1,6,linear,n6_linear,3,P3,rho_l1,0.011194361890108773,0.024711033224401886,2.0464420079866286,0.050569696451169287,false,false,true,false
4,n6_linear_f0.8_d3.0,6,linear,n6_linear,4,M1,lambda_max,0.067764060356652944,0.1071207579310927,2.5699703122019222,0.27529716770347684,false,false,false,false
4,n6_linear_f0.8_d3.0,6,linear,n6_linear,4,P3,rho_l1,0.031607864889256015,0.10819714442051745,2.0464420079866286,0.22141918148634299,false,false,false,false
5,n6_compact_f0.8_d10.0,6,compact,n6_compact,1,M1,lambda_max,0.0033539600717839005,0.0016498736805339472,2.5699703122019222,0.0042401263778555623,true,true,true,false
5,n6_compact_f0.8_d10.0,6,compact,n6_compact,1,P3,rho_l1,0.0020086992910548617,0.0021452284033942745,2.0464420079866286,0.0043900855214321285,true,true,true,false
6,n6_compact_f0.1_d3.0,6,compact,n6_compact,2,M1,lambda_max,0.015527592924925459,0.013850598943542694,2.5699703122019222,0.035595628091120032,false,true,true,false
6,n6_compact_f0.1_d3.0,6,compact,n6_compact,2,P3,rho_l1,0.006784012632833139,0.012118430077559555,2.0464420079866286,0.024799664381566531,false,true,true,false
7,n6_compact_f0.4_d4.0,6,compact,n6_compact,3,M1,lambda_max,0.026202813060811729,0.028639455333059765,2.5699703122019222,0.073602549963596609,false,false,true,false
7,n6_compact_f0.4_d4.0,6,compact,n6_compact,3,P3,rho_l1,0.011856915750418511,0.026817475320429426,2.0464420079866286,0.054880408043871454,false,false,true,false
8,n6_compact_f1.0_d4.0,6,compact,n6_compact,4,M1,lambda_max,0.065507032652029312,0.10219950357344977,2.5699703122019222,0.26264969010554018,false,false,false,false
8,n6_compact_f1.0_d4.0,6,compact,n6_compact,4,P3,rho_l1,0.0296422893760463,0.098752350380616541,2.0464420079866286,0.20209095820630801,false,false,false,false
9,n6_irregular_f1.0_d10.0,6,irregular,n6_irregular,1,M1,lambda_max,0.0034146865344347188,0.0016914926724152875,2.5699703122019222,0.0043470859514143801,true,true,true,false
9,n6_irregular_f1.0_d10.0,6,irregular,n6_irregular,1,P3,rho_l1,0.0018938801579050119,0.0019729093520398323,2.0464420079866286,0.0040374445759639929,true,true,true,false
10,n6_irregular_f0.1_d3.0,6,irregular,n6_irregular,2,M1,lambda_max,0.012646987164573027,0.010416983697607705,2.5699703122019222,0.026771338845543207,false,true,true,false
10,n6_irregular_f0.1_d3.0,6,irregular,n6_irregular,2,P3,rho_l1,0.0049475877137842893,0.0077341168550775505,2.0464420079866286,0.015827421626908131,false,true,true,false
11,n6_irregular_f0.1_d2.5,6,irregular,n6_irregular,3,M1,lambda_max,0.021853993820382198,0.022260670103660889,2.5699703122019222,0.057209261296129368,false,false,true,false
11,n6_irregular_f0.1_d2.5,6,irregular,n6_irregular,3,P3,rho_l1,0.0084023111035292902,0.016429631412029265,2.0464420079866286,0.033622287897313356,false,true,true,false
12,n6_irregular_f1.0_d4.0,6,irregular,n6_irregular,4,M1,lambda_max,0.053354477100542468,0.076863864657965547,2.5699703122019222,0.19753785025207801,false,false,false,false
12,n6_irregular_f1.0_d4.0,6,irregular,n6_irregular,4,P3,rho_l1,0.021751039794110992,0.063576715556131397,2.0464420079866286,0.13010606144388426,false,false,false,false
13,n10_linear_f0.1_d4.0,10,linear,n10_linear,1,M1,lambda_max,0.0036926938657407412,0.001885662221540537,2.5699703122019222,0.004846095928199904,true,true,true,false
13,n10_linear_f0.1_d4.0,10,linear,n10_linear,1,P3,rho_l1,0.0019210938400393322,0.0020133625934406593,2.0464420079866286,0.0041202297885258692,true,true,true,false
14,n10_linear_f1.0_d6.0,10,linear,n10_linear,2,M1,lambda_max,0.010941315157750341,0.0085190225575644523,2.5699703122019222,0.021893635061919135,false,true,true,false
14,n10_linear_f1.0_d6.0,10,linear,n10_linear,2,P3,rho_l1,0.0061542180794446491,0.01054990771738157,2.0464420079866286,0.021589774333231969,false,true,true,false
15,n10_linear_f0.1_d2.1,10,linear,n10_linear,3,M1,lambda_max,0.025519102408747146,0.027607232733707555,2.5699703122019222,0.070949768527677537,false,false,true,false
15,n10_linear_f0.1_d2.1,10,linear,n10_linear,3,P3,rho_l1,0.012381356660967053,0.02852060540300301,2.0464420079866286,0.058365764989915768,false,false,true,false
16,n10_linear_f0.8_d3.0,10,linear,n10_linear,4,M1,lambda_max,0.070024417009602186,0.11211349233266348,2.5699703122019222,0.28812834689222294,false,false,false,false
16,n10_linear_f0.8_d3.0,10,linear,n10_linear,4,P3,rho_l1,0.035042150548050537,0.12529803739706338,2.0464420079866286,0.25641516724763008,false,false,false,false
17,n10_compact_f0.1_d6.0,10,compact,n10_compact,1,M1,lambda_max,0.0030450695690692696,0.0014427602746932403,2.5699703122019222,0.003707851073585918,true,true,true,false
17,n10_compact_f0.1_d6.0,10,compact,n10_compact,1,P3,rho_l1,0.0012780790959774067,0.0011275242155225093,2.0464420079866286,0.0023074129196674321,true,true,true,false
18,n10_compact_f0.1_d4.0,10,compact,n10_compact,2,M1,lambda_max,0.010277109795608788,0.0078095932015773157,2.5699703122019222,0.020070422678427662,false,true,true,false
18,n10_compact_f0.1_d4.0,10,compact,n10_compact,2,P3,rho_l1,0.0039350066088459376,0.0055838138456629251,2.0464420079866286,0.011426951218541976,false,true,true,false
19,n10_compact_f0.1_d3.0,10,compact,n10_compact,3,M1,lambda_max,0.024360556552554157,0.025882622874358826,2.5699703122019222,0.066517572389020563,false,false,true,false
19,n10_compact_f0.1_d3.0,10,compact,n10_compact,3,P3,rho_l1,0.0089733648370453195,0.018040718746883806,2.0464420079866286,0.036919284697894905,false,true,true,false
20,n10_compact_f0.1_d2.1,10,compact,n10_compact,4,M1,lambda_max,0.071022030765464039,0.1143371567869588,2.5699703122019222,0.29384309852406065,false,false,false,false
20,n10_compact_f0.1_d2.1,10,compact,n10_compact,4,P3,rho_l1,0.025446013318562655,0.07947620198536276,2.0464420079866286,0.16264343837807665,false,false,false,false
21,n10_irregular_f0.8_d10.0,10,irregular,n10_irregular,1,M1,lambda_max,0.0029206687461686659,0.0013615830909066342,2.5699703122019222,0.0034992281212261811,true,true,true,false
21,n10_irregular_f0.8_d10.0,10,irregular,n10_irregular,1,P3,rho_l1,0.001596571268295488,0.0015473815613987858,2.0464420079866286,0.0031666266296304156,true,true,true,false
22,n10_irregular_f0.1_d3.0,10,irregular,n10_irregular,2,M1,lambda_max,0.013521614565595674,0.011430415275400837,2.5699703122019222,0.02937582791391951,false,true,true,false
22,n10_irregular_f0.1_d3.0,10,irregular,n10_irregular,2,P3,rho_l1,0.0051251981815163853,0.0081320810090286244,2.0464420079866286,0.016641832189226467,false,true,true,false
23,n10_irregular_f0.1_d2.5,10,irregular,n10_irregular,3,M1,lambda_max,0.023365349969349327,0.024426332130286339,2.5699703122019222,0.06277494841081982,false,false,true,false
23,n10_irregular_f0.1_d2.5,10,irregular,n10_irregular,3,P3,rho_l1,0.0086604508942742953,0.017152361915672595,2.0464420079866286,0.035101313960422396,false,true,true,false
24,n10_irregular_f1.0_d4.0,10,irregular,n10_irregular,4,M1,lambda_max,0.057044311448606763,0.084341678763932629,2.5699703122019222,0.21675561050457817,false,false,false,false
24,n10_irregular_f1.0_d4.0,10,irregular,n10_irregular,4,P3,rho_l1,0.022760019734953101,0.067813130172879862,2.0464420079866286,0.1387756382788469,false,false,false,false
