scale_order,case_id,particle_count,family,target_level,f1,distance_ratio,minimum_distance,cluster_diameter,k_cluster_diameter,lambda_max,rho_l1,final_lmax,stop_reason,interaction_confirmed,total_confirmed,external_scattered_confirmed,scattered_scattered_confirmed,diagnostics_pass,error_applicable,eligible,ineligibility_reason,epsilon_a_e,m1_point_prediction,m1_conservative_prediction,p3_point_prediction,p3_conservative_prediction,m1_log_residual,final_system_dimension,case_wall_seconds,peak_memory_kib,maximum_balanced_condition,maximum_backward_error,maximum_incident_closure_error,maximum_scattering_closure_error,maximum_force_decomposition_residual,maximum_abs_fz
1,t14_n15_linear_level1,15,linear,1,0.80000000000000004,8.4977932394213482,8.4977932394213482,118.96910535189888,11.896910535189889,0.0031111241226691655,0.0019398990909229193,7,all_channels_confirmed,true,true,true,true,true,true,true,eligible,0.0023359609785337352,0.0014863937048093026,0.0038199876936037352,0.0020414587264576721,0.0041777268953938637,-0.45207050655606723,420,19.866644299007021,222684,1.0033287695359625,4.1207911673120888e-17,2.7905046268966242e-17,2.9929670548896099e-16,2.5885332094402259e-36,0
2,t14_n15_linear_level2,15,linear,2,0.80000000000000004,5.5597399904023117,5.5597399904023064,77.83635986563236,7.7836359865632367,0.011108933664494055,0.0062888090568519218,8,all_channels_confirmed,true,true,true,true,true,true,true,eligible,0.0095714974953100291,0.0087007541172098267,0.022360679774997897,0.010879657205537024,0.022264587537905379,-0.095379969269173553,540,39.925500154960901,222684,1.011025850371341,4.675035074483183e-17,2.457579557704214e-17,2.9925757304490256e-16,3.5516902939764754e-21,0
3,t14_n15_linear_level3,15,linear,3,0.80000000000000004,4.217050261453001,4.2170502614530001,59.038703660342016,5.9038703660342016,0.025457132710914911,0.013746336391169857,9,all_channels_confirmed,true,true,true,true,true,true,true,eligible,0.022747734540650624,0.027514200371470676,0.070710678118654738,0.033095864017296105,0.067728766415607849,0.19023668873237751,675,55.551743150106631,243132,1.0248662643087714,4.4686668370757623e-17,2.0988675450694713e-17,3.2606933175304394e-16,1.7319135221246192e-18,0
4,t14_n15_linear_level4,15,linear,4,0.80000000000000004,3.0798395200419542,3.0798395200419542,43.117753280587358,4.3117753280587356,0.065350897425260776,0.033869472854204108,11,all_channels_confirmed,true,true,true,true,true,true,true,eligible,0.064616863936977034,0.10186146774330712,0.26178094805761304,0.11937522479877286,0.24429447474105589,0.45513830239404945,990,132.62965446501039,392996,1.0681267339810574,3.2386822254912146e-17,2.2508685134341743e-17,3.1772511505603938e-16,1.2325283605114975e-16,0
5,t14_n15_compact_level1,15,compact,1,0.80000000000000004,12.237964408341369,12.237964408341369,48.951857633365492,4.8951857633365492,0.003111124122669165,0.0018491923447121765,6,all_channels_confirmed,true,true,true,true,true,true,true,eligible,0.0024242623948484438,0.0014863937048093024,0.0038199876936037347,0.0019070130571576061,0.0039025916299463307,-0.48917445717286528,315,14.339541474939324,392996,1.0022282125671982,3.0487862761813332e-17,2.7654703157319376e-17,2.042700631300215e-16,0,0
6,t14_n15_compact_level2,15,compact,2,0.80000000000000004,8.0067728415111219,8.0067728415111201,32.027091366044495,3.2027091366044496,0.011108933664494055,0.0056472692003518808,7,all_channels_confirmed,true,true,true,true,true,true,true,eligible,0.010398205676595504,0.0087007541172098267,0.022360679774997897,0.0093354416916892734,0.019104440040982686,-0.17822355812244672,420,30.799442529096268,392996,1.0074376902752233,4.3994740975045617e-17,2.2093279124658868e-17,2.3803178601990581e-16,4.8330113014201601e-17,0
7,t14_n15_compact_level3,15,compact,3,0.80000000000000004,6.073119167978569,6.0731191679785681,24.292476671914283,2.4292476671914285,0.025457132710914914,0.01182890718892257,7,all_channels_confirmed,true,true,true,true,true,true,true,eligible,0.023275799700481881,0.027514200371470687,0.070710678118654766,0.02672739742528835,0.054696068855263735,0.16728806719250205,420,41.045597865944728,392996,1.0160932396289353,3.7347837800812613e-17,2.7089881238926084e-17,3.1560573767154435e-16,2.418781572339464e-17,0
8,t14_n15_compact_level4,15,compact,4,0.80000000000000004,4.4353828538481999,4.4353828538481999,17.741531415392803,1.7741531415392804,0.065350897425260776,0.028075704732801941,8,all_channels_confirmed,true,true,true,true,true,true,true,eligible,0.057522799054745166,0.10186146774330712,0.26178094805761304,0.091411284373386234,0.18706789234570925,0.57143235625477506,540,48.096419743960723,392996,1.0402112280598634,3.4634219766343621e-17,3.4381168725146521e-17,2.9167710830901967e-16,6.986474640688224e-18,0
9,t14_n15_irregular_level1,15,irregular,1,0.80000000000000004,9.6936389012959996,9.6936389012959996,55.377970891545147,5.5377970891545152,0.0031111241226691646,0.0016843777610911622,6,all_channels_confirmed,true,true,true,true,true,true,true,eligible,0.0025988502420748656,0.001486393704809302,0.0038199876936037334,0.0016698433581833624,0.003417237594943895,-0.5587162787595531,315,21.389858293929137,392996,1.0022612428682434,4.0520633144890968e-17,2.6128249897073179e-17,2.6045481814947307e-16,0,0
10,t14_n15_irregular_level2,15,irregular,2,0.80000000000000004,6.3421302841353633,6.3421302841353624,36.231420402742586,3.6231420402742587,0.011108933664494062,0.0052770095370053959,7,all_channels_confirmed,true,true,true,true,true,true,true,eligible,0.011213309579970453,0.0087007541172098354,0.022360679774997921,0.008476897727375296,0.01734747960670719,-0.2536917260771317,420,58.259646986960433,392996,1.0075761465160216,3.4678099841674859e-17,2.4750321722329351e-17,2.6072874366515399e-16,0,0
11,t14_n15_irregular_level3,15,irregular,3,0.80000000000000004,4.8104915372034718,4.8104915372034718,27.481450777546726,2.748145077754673,0.025457132710914914,0.011159070907567013,8,all_channels_confirmed,true,true,true,true,true,true,true,eligible,0.025647153317588624,0.027514200371470687,0.070710678118654766,0.024600278075537243,0.050343042461931872,0.070269664852693176,540,91.001256700023077,392996,1.0167768476900267,3.4118385466993257e-17,3.1895494414408646e-17,2.9670737427717521e-16,2.1698231684851006e-17,0
12,t14_n15_irregular_level4,15,irregular,4,0.80000000000000004,3.5132476561950843,3.5132476561950843,20.070535783373277,2.0070535783373278,0.065350897425260748,0.026664155174614235,9,all_channels_confirmed,true,true,true,true,true,true,true,eligible,0.066044775958112673,0.10186146774330705,0.26178094805761287,0.084943157790531881,0.17383124639358111,0.43328079516161344,675,181.09526657511014,392996,1.044383070016639,3.4446112396822369e-17,2.1492029212654672e-17,2.7444134798586503e-16,6.1328723630132933e-18,0
13,t14_n28_linear_level1,28,linear,1,0.80000000000000004,8.5127045015070451,8.5127045015070451,229.84302154069022,22.984302154069024,0.0031111241226691659,0.0019594472290782126,7,all_channels_confirmed,true,true,true,true,true,true,true,eligible,0.0023179508669289835,0.0014863937048093029,0.0038199876936037356,0.0020707870439023879,0.0042377455962362975,-0.44433069449678442,784,44.405355155933648,392996,1.0033449252691837,4.4761509749016044e-17,2.5415065320484009e-17,2.9110949742861736e-16,8.6114797645463278e-37,0
14,t14_n28_linear_level2,28,linear,2,0.80000000000000004,5.5694957867354855,5.5694957867354802,150.37638624185811,15.037638624185812,0.011108933664494053,0.0063774699025836937,8,all_channels_confirmed,true,true,true,true,true,true,true,eligible,0.009535602102376816,0.008700754117209825,0.022360679774997894,0.011098516696036358,0.022712470793109767,-0.09162268156799723,1008,56.590240435907617,428396,1.0110999800322449,4.5546172209136761e-17,1.8333035208936238e-17,3.5408949499287397e-16,8.2794597278760344e-17,0
15,t14_n28_linear_level3,28,linear,3,0.80000000000000004,4.224450011000374,4.2244500110003713,114.0601502970101,11.40601502970101,0.025457132710914935,0.0139851492359212,9,all_channels_confirmed,true,true,true,true,true,true,true,eligible,0.022647221477757568,0.027514200371470718,0.070710678118654849,0.033916837059368966,0.069408840136330321,0.19466507619958989,1260,120.73446848092135,569404,1.025050601911395,4.1128850094087877e-17,2.1218411626738976e-17,3.5892977720581892e-16,1.0898966780376356e-19,0
16,t14_n28_linear_level4,28,linear,4,0.80000000000000004,3.0852437812391069,3.0852437812391056,83.301582093455892,8.3301582093455888,0.065350897425260776,0.034599584965886145,11,all_channels_confirmed,true,true,true,true,true,true,true,eligible,0.064132119071037039,0.10186146774330712,0.26178094805761304,0.12305278131873144,0.25182038089024428,0.46266841479007326,1848,342.35916343110148,1032216,1.0685477306640647,4.3816555081133013e-17,2.2449512852810877e-17,4.3317865725768596e-16,7.7652005501473745e-18,0
17,t14_n28_compact_level1,28,compact,1,0.80000000000000004,12.875522955828686,12.875522955828684,77.253137734972142,7.7253137734972146,0.0031111241226691659,0.0018697895271108194,6,all_channels_confirmed,true,true,true,true,true,true,true,eligible,0.0018318315752920309,0.0014863937048093029,0.0038199876936037356,0.0019373028635252714,0.0039645779621109017,-0.20896347326581705,588,37.822614036034793,1032216,1.0020754774837535,4.2249624850826553e-17,3.0321381739839004e-17,2.8438017974145169e-16,3.3726504309714805e-37,0
18,t14_n28_compact_level2,28,compact,2,0.80000000000000004,8.4238999300173862,8.4238999300173845,50.543399580104342,5.0543399580104342,0.011108933664494062,0.0059868595547839919,6,all_channels_confirmed,true,true,true,true,true,true,true,eligible,0.010053757118429858,0.0087007541172098354,0.022360679774997921,0.01014411378090737,0.020759340575044909,-0.14453670523008305,588,59.773117224918678,1032216,1.0074986752407684,3.6833921118292679e-17,2.7804557210274238e-17,2.5514706015798922e-16,3.2016487627513946e-17,0
19,t14_n28_compact_level3,28,compact,3,0.80000000000000004,6.3895091251853957,6.3895091251853948,38.337054751112383,3.8337054751112385,0.025457132710914921,0.012697080547770712,7,all_channels_confirmed,true,true,true,true,true,true,true,eligible,0.023319834353681092,0.027514200371470694,0.070710678118654779,0.029560810293685562,0.06049448397512168,0.16539799026996896,784,91.899953743908554,1032216,1.0165124743089913,3.7222498280082348e-17,2.2505546178508432e-17,2.8852193806429617e-16,0,0
20,t14_n28_compact_level4,28,compact,4,0.80000000000000004,4.6664520215213932,4.6664520215213932,27.998712129128368,2.7998712129128371,0.065350897425260804,0.030110966774897965,8,all_channels_confirmed,true,true,true,true,true,true,true,eligible,0.057686439450237846,0.10186146774330716,0.26178094805761315,0.10098105359251489,0.20665187008247152,0.56859160307104362,1008,130.55945149506442,1032216,1.0409830661948964,3.6287391322023686e-17,4.3959062890908256e-17,3.200695065066576e-16,2.6501984101561174e-17,0
21,t14_n28_irregular_level1,28,irregular,1,0.80000000000000004,9.410950612068584,9.410950612068584,89.494626361208589,8.9494626361208596,0.0031111241226691659,0.0015386174149098438,6,all_channels_confirmed,true,true,true,true,true,true,true,eligible,0.001895416890670808,0.0014863937048093029,0.0038199876936037356,0.0014680909831406342,0.003004363059445383,-0.2430859555403764,588,65.841535555082373,1032216,1.0021321476737011,3.5206432785026382e-17,2.3962908619273316e-17,2.9258111654084144e-16,4.9211854149713167e-19,0
22,t14_n28_irregular_level2,28,irregular,2,0.80000000000000004,6.1571795160765381,6.1571795160765372,58.552478165543803,5.8552478165543809,0.011108933664494055,0.0051534135702409169,7,all_channels_confirmed,true,true,true,true,true,true,true,eligible,0.010147751200979502,0.0087007541172098267,0.022360679774997897,0.0081958456207138521,0.016772322769202073,-0.15384242234368123,784,140.93793826794717,1032216,1.0075122512527832,3.7822473309004958e-17,2.6236901922094351e-17,2.8738408424793882e-16,3.1119933340161373e-18,0
23,t14_n28_irregular_level3,28,irregular,3,0.80000000000000004,4.6702067961643561,4.6702067961643561,44.411922820667769,4.4411922820667771,0.025457132710914925,0.011112295264956829,8,all_channels_confirmed,true,true,true,true,true,true,true,eligible,0.024518535974590885,0.0275142003714707,0.070710678118654793,0.024453708180943123,0.050043095672528293,0.11527284665307705,1008,273.93114023702219,1032216,1.0171081412472915,3.9096345637488964e-17,2.2871130241309737e-17,3.1771774326870598e-16,3.3849403892107727e-17,0
24,t14_n28_irregular_level4,28,irregular,4,0.80000000000000004,3.4107934612663633,3.4107934612663624,32.435372258763906,3.2435372258763908,0.065350897425260762,0.026625715084613505,10,all_channels_confirmed,true,true,true,true,true,true,true,eligible,0.06490276720920074,0.10186146774330709,0.26178094805761298,0.084768996825267201,0.17347483607811195,0.45072346992323692,1540,864.97551981580909,1032216,1.045871315051919,3.4228857133340452e-17,2.8673293217743201e-17,2.8134724309926714e-16,3.8160762896043203e-17,0
